9.0.0	8.0.0	6.2.0	6.1.0	5.2.0	5.1.0	5.0.0	4.1.0	4.0.1	4.0.0	3.2.0	3.1.0	3.0.1
LB1	1	1	1	1	1	1	1	1	1	1	1	1
LB2	2	2	2	2	2	2	2a	2a	2a	2a	2a	2a
LB3	3	3	3	3	3	3	2b	2b	2b	2b	2b	2b
LB4	4	4	4	4	4	4	3a	3a	3a	3a	3a	3a
LB5	5	5	5	5	5	5	3b	3b	3b	3a	3a	3a
LB6	6	6	6	6	6	6	3c	3c	3c	3b	3b	3b
LB7	7	7	7	7	7	7	4	4	4	4	4	4
LB8	8	8	8	8	8	8	5	5	5	5	5	5
LB8a	 	 	 	 	 	 	 	 	 	 	 	 
 	 	 	 	 	 	 	deprecated	7a	7a	7	7	7
LB9	9	9	9	9	9	9	7b	7b	7b	6	6	6
LB10	10	10	10	10	10	10	7c	7c	7c	 	 	 
LB11	11	11	11	11	11	11	11b	11b	11b	13	13	13
LB12	12	12	12	12	12	12	13	11b	11b	13	13	13
LB12a	12a	12a	12a	12a	12a	12	13	11b	11b	13	13	13
LB13	13	13	13	13	13	13	8	8	8	8	8	8
LB14	14	14	14	14	14	14	9	9	9	9	9	9
LB15	15	15	15	15	15	15	10	10	10	10	10	10
LB16	16	16	16	16	16	16	11	11	11	11	11	11
LB17	17	17	17	17	17	17	11a	11a	11a	11a	11a	 
LB18	18	18	18	18	18	18	12	12	12	12	12	12
LB19	19	19	19	19	19	19	14	14	14	14	14	14
LB20	20	20	20	20	20	20	14a	14a	14a	 	 	 
LB21	21	21	21	21	21	21	15	15	15	15	15	15
LB21a	21a	21a	21a	 	 	 	 	 	 	 	 	 
LB21b	21b	 	 	 	 	 	 	 	 	 	 	 
LB22	22	22	22	22	22	22	16	16	16	16	16	16
LB23	23	23	23	23	23	23	17	17	17	17	17	17
LB23a	 	 	 	 	 	 	 	 	 	 	 	 
LB24	24	24	24	24	24	24	18	18	18	18	18	18
LB25	25	25	25	25	25	25	18	18	18	18	18	18
 	 	 	 	 	 	 	removed	18b	18b	15b	15b	15b
LB26	26	26	26	26	26	26	18b	6	6	6	6	6
LB27	27	27	27	27	27	27	18c	6	6	6	6	6
LB28	28	28	28	28	28	28	19	19	19	19	19	19
LB29	29	29	29	29	29	29	19b	19b	 	 	 	 
LB30	30	30	30	30	removed	30	 	 	 	 	 	 
LB30a	30a	30a	 	 	 	 	 	 	 	 	 	 
LB30b	 	 	 	 	 	 	 	 	 	 	 	 
LB31	31	31	31	31	31	31	20	20	20	20	20	20
